config_id,arch_config,arch_path,work_config,work_path,event_path,metric_path,run_path,checkpoint_path
0,0,/home/da109073/research/archx/chiplet4ai/llama/description/architecture/config_0.architecture.yaml,0,/home/da109073/research/archx/chiplet4ai/llama/description/workload/config_0.workload.yaml,/home/da109073/research/archx/chiplet4ai/llama/description/event/event.yaml,/home/da109073/research/archx/chiplet4ai/llama/description/metric/metric.yaml,/home/da109073/research/archx/chiplet4ai/llama/description/runs/config_0,/home/da109073/research/archx/chiplet4ai/llama/description/runs/config_0/checkpoint.gt
1,1,/home/da109073/research/archx/chiplet4ai/llama/description/architecture/config_1.architecture.yaml,0,/home/da109073/research/archx/chiplet4ai/llama/description/workload/config_0.workload.yaml,/home/da109073/research/archx/chiplet4ai/llama/description/event/event.yaml,/home/da109073/research/archx/chiplet4ai/llama/description/metric/metric.yaml,/home/da109073/research/archx/chiplet4ai/llama/description/runs/config_1,/home/da109073/research/archx/chiplet4ai/llama/description/runs/config_1/checkpoint.gt
2,2,/home/da109073/research/archx/chiplet4ai/llama/description/architecture/config_2.architecture.yaml,0,/home/da109073/research/archx/chiplet4ai/llama/description/workload/config_0.workload.yaml,/home/da109073/research/archx/chiplet4ai/llama/description/event/event.yaml,/home/da109073/research/archx/chiplet4ai/llama/description/metric/metric.yaml,/home/da109073/research/archx/chiplet4ai/llama/description/runs/config_2,/home/da109073/research/archx/chiplet4ai/llama/description/runs/config_2/checkpoint.gt
3,3,/home/da109073/research/archx/chiplet4ai/llama/description/architecture/config_3.architecture.yaml,0,/home/da109073/research/archx/chiplet4ai/llama/description/workload/config_0.workload.yaml,/home/da109073/research/archx/chiplet4ai/llama/description/event/event.yaml,/home/da109073/research/archx/chiplet4ai/llama/description/metric/metric.yaml,/home/da109073/research/archx/chiplet4ai/llama/description/runs/config_3,/home/da109073/research/archx/chiplet4ai/llama/description/runs/config_3/checkpoint.gt
4,4,/home/da109073/research/archx/chiplet4ai/llama/description/architecture/config_4.architecture.yaml,0,/home/da109073/research/archx/chiplet4ai/llama/description/workload/config_0.workload.yaml,/home/da109073/research/archx/chiplet4ai/llama/description/event/event.yaml,/home/da109073/research/archx/chiplet4ai/llama/description/metric/metric.yaml,/home/da109073/research/archx/chiplet4ai/llama/description/runs/config_4,/home/da109073/research/archx/chiplet4ai/llama/description/runs/config_4/checkpoint.gt
5,5,/home/da109073/research/archx/chiplet4ai/llama/description/architecture/config_5.architecture.yaml,0,/home/da109073/research/archx/chiplet4ai/llama/description/workload/config_0.workload.yaml,/home/da109073/research/archx/chiplet4ai/llama/description/event/event.yaml,/home/da109073/research/archx/chiplet4ai/llama/description/metric/metric.yaml,/home/da109073/research/archx/chiplet4ai/llama/description/runs/config_5,/home/da109073/research/archx/chiplet4ai/llama/description/runs/config_5/checkpoint.gt
6,6,/home/da109073/research/archx/chiplet4ai/llama/description/architecture/config_6.architecture.yaml,0,/home/da109073/research/archx/chiplet4ai/llama/description/workload/config_0.workload.yaml,/home/da109073/research/archx/chiplet4ai/llama/description/event/event.yaml,/home/da109073/research/archx/chiplet4ai/llama/description/metric/metric.yaml,/home/da109073/research/archx/chiplet4ai/llama/description/runs/config_6,/home/da109073/research/archx/chiplet4ai/llama/description/runs/config_6/checkpoint.gt
7,7,/home/da109073/research/archx/chiplet4ai/llama/description/architecture/config_7.architecture.yaml,0,/home/da109073/research/archx/chiplet4ai/llama/description/workload/config_0.workload.yaml,/home/da109073/research/archx/chiplet4ai/llama/description/event/event.yaml,/home/da109073/research/archx/chiplet4ai/llama/description/metric/metric.yaml,/home/da109073/research/archx/chiplet4ai/llama/description/runs/config_7,/home/da109073/research/archx/chiplet4ai/llama/description/runs/config_7/checkpoint.gt
8,8,/home/da109073/research/archx/chiplet4ai/llama/description/architecture/config_8.architecture.yaml,0,/home/da109073/research/archx/chiplet4ai/llama/description/workload/config_0.workload.yaml,/home/da109073/research/archx/chiplet4ai/llama/description/event/event.yaml,/home/da109073/research/archx/chiplet4ai/llama/description/metric/metric.yaml,/home/da109073/research/archx/chiplet4ai/llama/description/runs/config_8,/home/da109073/research/archx/chiplet4ai/llama/description/runs/config_8/checkpoint.gt
9,9,/home/da109073/research/archx/chiplet4ai/llama/description/architecture/config_9.architecture.yaml,0,/home/da109073/research/archx/chiplet4ai/llama/description/workload/config_0.workload.yaml,/home/da109073/research/archx/chiplet4ai/llama/description/event/event.yaml,/home/da109073/research/archx/chiplet4ai/llama/description/metric/metric.yaml,/home/da109073/research/archx/chiplet4ai/llama/description/runs/config_9,/home/da109073/research/archx/chiplet4ai/llama/description/runs/config_9/checkpoint.gt
10,10,/home/da109073/research/archx/chiplet4ai/llama/description/architecture/config_10.architecture.yaml,0,/home/da109073/research/archx/chiplet4ai/llama/description/workload/config_0.workload.yaml,/home/da109073/research/archx/chiplet4ai/llama/description/event/event.yaml,/home/da109073/research/archx/chiplet4ai/llama/description/metric/metric.yaml,/home/da109073/research/archx/chiplet4ai/llama/description/runs/config_10,/home/da109073/research/archx/chiplet4ai/llama/description/runs/config_10/checkpoint.gt
11,11,/home/da109073/research/archx/chiplet4ai/llama/description/architecture/config_11.architecture.yaml,0,/home/da109073/research/archx/chiplet4ai/llama/description/workload/config_0.workload.yaml,/home/da109073/research/archx/chiplet4ai/llama/description/event/event.yaml,/home/da109073/research/archx/chiplet4ai/llama/description/metric/metric.yaml,/home/da109073/research/archx/chiplet4ai/llama/description/runs/config_11,/home/da109073/research/archx/chiplet4ai/llama/description/runs/config_11/checkpoint.gt
12,12,/home/da109073/research/archx/chiplet4ai/llama/description/architecture/config_12.architecture.yaml,0,/home/da109073/research/archx/chiplet4ai/llama/description/workload/config_0.workload.yaml,/home/da109073/research/archx/chiplet4ai/llama/description/event/event.yaml,/home/da109073/research/archx/chiplet4ai/llama/description/metric/metric.yaml,/home/da109073/research/archx/chiplet4ai/llama/description/runs/config_12,/home/da109073/research/archx/chiplet4ai/llama/description/runs/config_12/checkpoint.gt
13,13,/home/da109073/research/archx/chiplet4ai/llama/description/architecture/config_13.architecture.yaml,0,/home/da109073/research/archx/chiplet4ai/llama/description/workload/config_0.workload.yaml,/home/da109073/research/archx/chiplet4ai/llama/description/event/event.yaml,/home/da109073/research/archx/chiplet4ai/llama/description/metric/metric.yaml,/home/da109073/research/archx/chiplet4ai/llama/description/runs/config_13,/home/da109073/research/archx/chiplet4ai/llama/description/runs/config_13/checkpoint.gt
14,14,/home/da109073/research/archx/chiplet4ai/llama/description/architecture/config_14.architecture.yaml,0,/home/da109073/research/archx/chiplet4ai/llama/description/workload/config_0.workload.yaml,/home/da109073/research/archx/chiplet4ai/llama/description/event/event.yaml,/home/da109073/research/archx/chiplet4ai/llama/description/metric/metric.yaml,/home/da109073/research/archx/chiplet4ai/llama/description/runs/config_14,/home/da109073/research/archx/chiplet4ai/llama/description/runs/config_14/checkpoint.gt
15,15,/home/da109073/research/archx/chiplet4ai/llama/description/architecture/config_15.architecture.yaml,0,/home/da109073/research/archx/chiplet4ai/llama/description/workload/config_0.workload.yaml,/home/da109073/research/archx/chiplet4ai/llama/description/event/event.yaml,/home/da109073/research/archx/chiplet4ai/llama/description/metric/metric.yaml,/home/da109073/research/archx/chiplet4ai/llama/description/runs/config_15,/home/da109073/research/archx/chiplet4ai/llama/description/runs/config_15/checkpoint.gt
16,16,/home/da109073/research/archx/chiplet4ai/llama/description/architecture/config_16.architecture.yaml,0,/home/da109073/research/archx/chiplet4ai/llama/description/workload/config_0.workload.yaml,/home/da109073/research/archx/chiplet4ai/llama/description/event/event.yaml,/home/da109073/research/archx/chiplet4ai/llama/description/metric/metric.yaml,/home/da109073/research/archx/chiplet4ai/llama/description/runs/config_16,/home/da109073/research/archx/chiplet4ai/llama/description/runs/config_16/checkpoint.gt
17,17,/home/da109073/research/archx/chiplet4ai/llama/description/architecture/config_17.architecture.yaml,0,/home/da109073/research/archx/chiplet4ai/llama/description/workload/config_0.workload.yaml,/home/da109073/research/archx/chiplet4ai/llama/description/event/event.yaml,/home/da109073/research/archx/chiplet4ai/llama/description/metric/metric.yaml,/home/da109073/research/archx/chiplet4ai/llama/description/runs/config_17,/home/da109073/research/archx/chiplet4ai/llama/description/runs/config_17/checkpoint.gt
18,18,/home/da109073/research/archx/chiplet4ai/llama/description/architecture/config_18.architecture.yaml,0,/home/da109073/research/archx/chiplet4ai/llama/description/workload/config_0.workload.yaml,/home/da109073/research/archx/chiplet4ai/llama/description/event/event.yaml,/home/da109073/research/archx/chiplet4ai/llama/description/metric/metric.yaml,/home/da109073/research/archx/chiplet4ai/llama/description/runs/config_18,/home/da109073/research/archx/chiplet4ai/llama/description/runs/config_18/checkpoint.gt
19,19,/home/da109073/research/archx/chiplet4ai/llama/description/architecture/config_19.architecture.yaml,0,/home/da109073/research/archx/chiplet4ai/llama/description/workload/config_0.workload.yaml,/home/da109073/research/archx/chiplet4ai/llama/description/event/event.yaml,/home/da109073/research/archx/chiplet4ai/llama/description/metric/metric.yaml,/home/da109073/research/archx/chiplet4ai/llama/description/runs/config_19,/home/da109073/research/archx/chiplet4ai/llama/description/runs/config_19/checkpoint.gt
20,20,/home/da109073/research/archx/chiplet4ai/llama/description/architecture/config_20.architecture.yaml,0,/home/da109073/research/archx/chiplet4ai/llama/description/workload/config_0.workload.yaml,/home/da109073/research/archx/chiplet4ai/llama/description/event/event.yaml,/home/da109073/research/archx/chiplet4ai/llama/description/metric/metric.yaml,/home/da109073/research/archx/chiplet4ai/llama/description/runs/config_20,/home/da109073/research/archx/chiplet4ai/llama/description/runs/config_20/checkpoint.gt
21,21,/home/da109073/research/archx/chiplet4ai/llama/description/architecture/config_21.architecture.yaml,0,/home/da109073/research/archx/chiplet4ai/llama/description/workload/config_0.workload.yaml,/home/da109073/research/archx/chiplet4ai/llama/description/event/event.yaml,/home/da109073/research/archx/chiplet4ai/llama/description/metric/metric.yaml,/home/da109073/research/archx/chiplet4ai/llama/description/runs/config_21,/home/da109073/research/archx/chiplet4ai/llama/description/runs/config_21/checkpoint.gt
22,22,/home/da109073/research/archx/chiplet4ai/llama/description/architecture/config_22.architecture.yaml,0,/home/da109073/research/archx/chiplet4ai/llama/description/workload/config_0.workload.yaml,/home/da109073/research/archx/chiplet4ai/llama/description/event/event.yaml,/home/da109073/research/archx/chiplet4ai/llama/description/metric/metric.yaml,/home/da109073/research/archx/chiplet4ai/llama/description/runs/config_22,/home/da109073/research/archx/chiplet4ai/llama/description/runs/config_22/checkpoint.gt
23,23,/home/da109073/research/archx/chiplet4ai/llama/description/architecture/config_23.architecture.yaml,0,/home/da109073/research/archx/chiplet4ai/llama/description/workload/config_0.workload.yaml,/home/da109073/research/archx/chiplet4ai/llama/description/event/event.yaml,/home/da109073/research/archx/chiplet4ai/llama/description/metric/metric.yaml,/home/da109073/research/archx/chiplet4ai/llama/description/runs/config_23,/home/da109073/research/archx/chiplet4ai/llama/description/runs/config_23/checkpoint.gt
24,24,/home/da109073/research/archx/chiplet4ai/llama/description/architecture/config_24.architecture.yaml,0,/home/da109073/research/archx/chiplet4ai/llama/description/workload/config_0.workload.yaml,/home/da109073/research/archx/chiplet4ai/llama/description/event/event.yaml,/home/da109073/research/archx/chiplet4ai/llama/description/metric/metric.yaml,/home/da109073/research/archx/chiplet4ai/llama/description/runs/config_24,/home/da109073/research/archx/chiplet4ai/llama/description/runs/config_24/checkpoint.gt
25,25,/home/da109073/research/archx/chiplet4ai/llama/description/architecture/config_25.architecture.yaml,0,/home/da109073/research/archx/chiplet4ai/llama/description/workload/config_0.workload.yaml,/home/da109073/research/archx/chiplet4ai/llama/description/event/event.yaml,/home/da109073/research/archx/chiplet4ai/llama/description/metric/metric.yaml,/home/da109073/research/archx/chiplet4ai/llama/description/runs/config_25,/home/da109073/research/archx/chiplet4ai/llama/description/runs/config_25/checkpoint.gt
26,26,/home/da109073/research/archx/chiplet4ai/llama/description/architecture/config_26.architecture.yaml,0,/home/da109073/research/archx/chiplet4ai/llama/description/workload/config_0.workload.yaml,/home/da109073/research/archx/chiplet4ai/llama/description/event/event.yaml,/home/da109073/research/archx/chiplet4ai/llama/description/metric/metric.yaml,/home/da109073/research/archx/chiplet4ai/llama/description/runs/config_26,/home/da109073/research/archx/chiplet4ai/llama/description/runs/config_26/checkpoint.gt
27,27,/home/da109073/research/archx/chiplet4ai/llama/description/architecture/config_27.architecture.yaml,0,/home/da109073/research/archx/chiplet4ai/llama/description/workload/config_0.workload.yaml,/home/da109073/research/archx/chiplet4ai/llama/description/event/event.yaml,/home/da109073/research/archx/chiplet4ai/llama/description/metric/metric.yaml,/home/da109073/research/archx/chiplet4ai/llama/description/runs/config_27,/home/da109073/research/archx/chiplet4ai/llama/description/runs/config_27/checkpoint.gt
28,28,/home/da109073/research/archx/chiplet4ai/llama/description/architecture/config_28.architecture.yaml,0,/home/da109073/research/archx/chiplet4ai/llama/description/workload/config_0.workload.yaml,/home/da109073/research/archx/chiplet4ai/llama/description/event/event.yaml,/home/da109073/research/archx/chiplet4ai/llama/description/metric/metric.yaml,/home/da109073/research/archx/chiplet4ai/llama/description/runs/config_28,/home/da109073/research/archx/chiplet4ai/llama/description/runs/config_28/checkpoint.gt
29,29,/home/da109073/research/archx/chiplet4ai/llama/description/architecture/config_29.architecture.yaml,0,/home/da109073/research/archx/chiplet4ai/llama/description/workload/config_0.workload.yaml,/home/da109073/research/archx/chiplet4ai/llama/description/event/event.yaml,/home/da109073/research/archx/chiplet4ai/llama/description/metric/metric.yaml,/home/da109073/research/archx/chiplet4ai/llama/description/runs/config_29,/home/da109073/research/archx/chiplet4ai/llama/description/runs/config_29/checkpoint.gt
30,29,/home/da109073/research/archx/chiplet4ai/llama/description/architecture/config_29.architecture.yaml,1,/home/da109073/research/archx/chiplet4ai/llama/description/workload/config_1.workload.yaml,/home/da109073/research/archx/chiplet4ai/llama/description/event/event.yaml,/home/da109073/research/archx/chiplet4ai/llama/description/metric/metric.yaml,/home/da109073/research/archx/chiplet4ai/llama/description/runs/config_30,/home/da109073/research/archx/chiplet4ai/llama/description/runs/config_30/checkpoint.gt
31,28,/home/da109073/research/archx/chiplet4ai/llama/description/architecture/config_28.architecture.yaml,1,/home/da109073/research/archx/chiplet4ai/llama/description/workload/config_1.workload.yaml,/home/da109073/research/archx/chiplet4ai/llama/description/event/event.yaml,/home/da109073/research/archx/chiplet4ai/llama/description/metric/metric.yaml,/home/da109073/research/archx/chiplet4ai/llama/description/runs/config_31,/home/da109073/research/archx/chiplet4ai/llama/description/runs/config_31/checkpoint.gt
32,27,/home/da109073/research/archx/chiplet4ai/llama/description/architecture/config_27.architecture.yaml,1,/home/da109073/research/archx/chiplet4ai/llama/description/workload/config_1.workload.yaml,/home/da109073/research/archx/chiplet4ai/llama/description/event/event.yaml,/home/da109073/research/archx/chiplet4ai/llama/description/metric/metric.yaml,/home/da109073/research/archx/chiplet4ai/llama/description/runs/config_32,/home/da109073/research/archx/chiplet4ai/llama/description/runs/config_32/checkpoint.gt
33,26,/home/da109073/research/archx/chiplet4ai/llama/description/architecture/config_26.architecture.yaml,1,/home/da109073/research/archx/chiplet4ai/llama/description/workload/config_1.workload.yaml,/home/da109073/research/archx/chiplet4ai/llama/description/event/event.yaml,/home/da109073/research/archx/chiplet4ai/llama/description/metric/metric.yaml,/home/da109073/research/archx/chiplet4ai/llama/description/runs/config_33,/home/da109073/research/archx/chiplet4ai/llama/description/runs/config_33/checkpoint.gt
34,25,/home/da109073/research/archx/chiplet4ai/llama/description/architecture/config_25.architecture.yaml,1,/home/da109073/research/archx/chiplet4ai/llama/description/workload/config_1.workload.yaml,/home/da109073/research/archx/chiplet4ai/llama/description/event/event.yaml,/home/da109073/research/archx/chiplet4ai/llama/description/metric/metric.yaml,/home/da109073/research/archx/chiplet4ai/llama/description/runs/config_34,/home/da109073/research/archx/chiplet4ai/llama/description/runs/config_34/checkpoint.gt
35,24,/home/da109073/research/archx/chiplet4ai/llama/description/architecture/config_24.architecture.yaml,1,/home/da109073/research/archx/chiplet4ai/llama/description/workload/config_1.workload.yaml,/home/da109073/research/archx/chiplet4ai/llama/description/event/event.yaml,/home/da109073/research/archx/chiplet4ai/llama/description/metric/metric.yaml,/home/da109073/research/archx/chiplet4ai/llama/description/runs/config_35,/home/da109073/research/archx/chiplet4ai/llama/description/runs/config_35/checkpoint.gt
36,23,/home/da109073/research/archx/chiplet4ai/llama/description/architecture/config_23.architecture.yaml,1,/home/da109073/research/archx/chiplet4ai/llama/description/workload/config_1.workload.yaml,/home/da109073/research/archx/chiplet4ai/llama/description/event/event.yaml,/home/da109073/research/archx/chiplet4ai/llama/description/metric/metric.yaml,/home/da109073/research/archx/chiplet4ai/llama/description/runs/config_36,/home/da109073/research/archx/chiplet4ai/llama/description/runs/config_36/checkpoint.gt
37,22,/home/da109073/research/archx/chiplet4ai/llama/description/architecture/config_22.architecture.yaml,1,/home/da109073/research/archx/chiplet4ai/llama/description/workload/config_1.workload.yaml,/home/da109073/research/archx/chiplet4ai/llama/description/event/event.yaml,/home/da109073/research/archx/chiplet4ai/llama/description/metric/metric.yaml,/home/da109073/research/archx/chiplet4ai/llama/description/runs/config_37,/home/da109073/research/archx/chiplet4ai/llama/description/runs/config_37/checkpoint.gt
38,21,/home/da109073/research/archx/chiplet4ai/llama/description/architecture/config_21.architecture.yaml,1,/home/da109073/research/archx/chiplet4ai/llama/description/workload/config_1.workload.yaml,/home/da109073/research/archx/chiplet4ai/llama/description/event/event.yaml,/home/da109073/research/archx/chiplet4ai/llama/description/metric/metric.yaml,/home/da109073/research/archx/chiplet4ai/llama/description/runs/config_38,/home/da109073/research/archx/chiplet4ai/llama/description/runs/config_38/checkpoint.gt
39,20,/home/da109073/research/archx/chiplet4ai/llama/description/architecture/config_20.architecture.yaml,1,/home/da109073/research/archx/chiplet4ai/llama/description/workload/config_1.workload.yaml,/home/da109073/research/archx/chiplet4ai/llama/description/event/event.yaml,/home/da109073/research/archx/chiplet4ai/llama/description/metric/metric.yaml,/home/da109073/research/archx/chiplet4ai/llama/description/runs/config_39,/home/da109073/research/archx/chiplet4ai/llama/description/runs/config_39/checkpoint.gt
40,19,/home/da109073/research/archx/chiplet4ai/llama/description/architecture/config_19.architecture.yaml,1,/home/da109073/research/archx/chiplet4ai/llama/description/workload/config_1.workload.yaml,/home/da109073/research/archx/chiplet4ai/llama/description/event/event.yaml,/home/da109073/research/archx/chiplet4ai/llama/description/metric/metric.yaml,/home/da109073/research/archx/chiplet4ai/llama/description/runs/config_40,/home/da109073/research/archx/chiplet4ai/llama/description/runs/config_40/checkpoint.gt
41,18,/home/da109073/research/archx/chiplet4ai/llama/description/architecture/config_18.architecture.yaml,1,/home/da109073/research/archx/chiplet4ai/llama/description/workload/config_1.workload.yaml,/home/da109073/research/archx/chiplet4ai/llama/description/event/event.yaml,/home/da109073/research/archx/chiplet4ai/llama/description/metric/metric.yaml,/home/da109073/research/archx/chiplet4ai/llama/description/runs/config_41,/home/da109073/research/archx/chiplet4ai/llama/description/runs/config_41/checkpoint.gt
42,17,/home/da109073/research/archx/chiplet4ai/llama/description/architecture/config_17.architecture.yaml,1,/home/da109073/research/archx/chiplet4ai/llama/description/workload/config_1.workload.yaml,/home/da109073/research/archx/chiplet4ai/llama/description/event/event.yaml,/home/da109073/research/archx/chiplet4ai/llama/description/metric/metric.yaml,/home/da109073/research/archx/chiplet4ai/llama/description/runs/config_42,/home/da109073/research/archx/chiplet4ai/llama/description/runs/config_42/checkpoint.gt
43,16,/home/da109073/research/archx/chiplet4ai/llama/description/architecture/config_16.architecture.yaml,1,/home/da109073/research/archx/chiplet4ai/llama/description/workload/config_1.workload.yaml,/home/da109073/research/archx/chiplet4ai/llama/description/event/event.yaml,/home/da109073/research/archx/chiplet4ai/llama/description/metric/metric.yaml,/home/da109073/research/archx/chiplet4ai/llama/description/runs/config_43,/home/da109073/research/archx/chiplet4ai/llama/description/runs/config_43/checkpoint.gt
44,15,/home/da109073/research/archx/chiplet4ai/llama/description/architecture/config_15.architecture.yaml,1,/home/da109073/research/archx/chiplet4ai/llama/description/workload/config_1.workload.yaml,/home/da109073/research/archx/chiplet4ai/llama/description/event/event.yaml,/home/da109073/research/archx/chiplet4ai/llama/description/metric/metric.yaml,/home/da109073/research/archx/chiplet4ai/llama/description/runs/config_44,/home/da109073/research/archx/chiplet4ai/llama/description/runs/config_44/checkpoint.gt
45,14,/home/da109073/research/archx/chiplet4ai/llama/description/architecture/config_14.architecture.yaml,1,/home/da109073/research/archx/chiplet4ai/llama/description/workload/config_1.workload.yaml,/home/da109073/research/archx/chiplet4ai/llama/description/event/event.yaml,/home/da109073/research/archx/chiplet4ai/llama/description/metric/metric.yaml,/home/da109073/research/archx/chiplet4ai/llama/description/runs/config_45,/home/da109073/research/archx/chiplet4ai/llama/description/runs/config_45/checkpoint.gt
46,13,/home/da109073/research/archx/chiplet4ai/llama/description/architecture/config_13.architecture.yaml,1,/home/da109073/research/archx/chiplet4ai/llama/description/workload/config_1.workload.yaml,/home/da109073/research/archx/chiplet4ai/llama/description/event/event.yaml,/home/da109073/research/archx/chiplet4ai/llama/description/metric/metric.yaml,/home/da109073/research/archx/chiplet4ai/llama/description/runs/config_46,/home/da109073/research/archx/chiplet4ai/llama/description/runs/config_46/checkpoint.gt
47,12,/home/da109073/research/archx/chiplet4ai/llama/description/architecture/config_12.architecture.yaml,1,/home/da109073/research/archx/chiplet4ai/llama/description/workload/config_1.workload.yaml,/home/da109073/research/archx/chiplet4ai/llama/description/event/event.yaml,/home/da109073/research/archx/chiplet4ai/llama/description/metric/metric.yaml,/home/da109073/research/archx/chiplet4ai/llama/description/runs/config_47,/home/da109073/research/archx/chiplet4ai/llama/description/runs/config_47/checkpoint.gt
48,11,/home/da109073/research/archx/chiplet4ai/llama/description/architecture/config_11.architecture.yaml,1,/home/da109073/research/archx/chiplet4ai/llama/description/workload/config_1.workload.yaml,/home/da109073/research/archx/chiplet4ai/llama/description/event/event.yaml,/home/da109073/research/archx/chiplet4ai/llama/description/metric/metric.yaml,/home/da109073/research/archx/chiplet4ai/llama/description/runs/config_48,/home/da109073/research/archx/chiplet4ai/llama/description/runs/config_48/checkpoint.gt
49,10,/home/da109073/research/archx/chiplet4ai/llama/description/architecture/config_10.architecture.yaml,1,/home/da109073/research/archx/chiplet4ai/llama/description/workload/config_1.workload.yaml,/home/da109073/research/archx/chiplet4ai/llama/description/event/event.yaml,/home/da109073/research/archx/chiplet4ai/llama/description/metric/metric.yaml,/home/da109073/research/archx/chiplet4ai/llama/description/runs/config_49,/home/da109073/research/archx/chiplet4ai/llama/description/runs/config_49/checkpoint.gt
50,9,/home/da109073/research/archx/chiplet4ai/llama/description/architecture/config_9.architecture.yaml,1,/home/da109073/research/archx/chiplet4ai/llama/description/workload/config_1.workload.yaml,/home/da109073/research/archx/chiplet4ai/llama/description/event/event.yaml,/home/da109073/research/archx/chiplet4ai/llama/description/metric/metric.yaml,/home/da109073/research/archx/chiplet4ai/llama/description/runs/config_50,/home/da109073/research/archx/chiplet4ai/llama/description/runs/config_50/checkpoint.gt
51,8,/home/da109073/research/archx/chiplet4ai/llama/description/architecture/config_8.architecture.yaml,1,/home/da109073/research/archx/chiplet4ai/llama/description/workload/config_1.workload.yaml,/home/da109073/research/archx/chiplet4ai/llama/description/event/event.yaml,/home/da109073/research/archx/chiplet4ai/llama/description/metric/metric.yaml,/home/da109073/research/archx/chiplet4ai/llama/description/runs/config_51,/home/da109073/research/archx/chiplet4ai/llama/description/runs/config_51/checkpoint.gt
52,7,/home/da109073/research/archx/chiplet4ai/llama/description/architecture/config_7.architecture.yaml,1,/home/da109073/research/archx/chiplet4ai/llama/description/workload/config_1.workload.yaml,/home/da109073/research/archx/chiplet4ai/llama/description/event/event.yaml,/home/da109073/research/archx/chiplet4ai/llama/description/metric/metric.yaml,/home/da109073/research/archx/chiplet4ai/llama/description/runs/config_52,/home/da109073/research/archx/chiplet4ai/llama/description/runs/config_52/checkpoint.gt
53,6,/home/da109073/research/archx/chiplet4ai/llama/description/architecture/config_6.architecture.yaml,1,/home/da109073/research/archx/chiplet4ai/llama/description/workload/config_1.workload.yaml,/home/da109073/research/archx/chiplet4ai/llama/description/event/event.yaml,/home/da109073/research/archx/chiplet4ai/llama/description/metric/metric.yaml,/home/da109073/research/archx/chiplet4ai/llama/description/runs/config_53,/home/da109073/research/archx/chiplet4ai/llama/description/runs/config_53/checkpoint.gt
54,5,/home/da109073/research/archx/chiplet4ai/llama/description/architecture/config_5.architecture.yaml,1,/home/da109073/research/archx/chiplet4ai/llama/description/workload/config_1.workload.yaml,/home/da109073/research/archx/chiplet4ai/llama/description/event/event.yaml,/home/da109073/research/archx/chiplet4ai/llama/description/metric/metric.yaml,/home/da109073/research/archx/chiplet4ai/llama/description/runs/config_54,/home/da109073/research/archx/chiplet4ai/llama/description/runs/config_54/checkpoint.gt
55,4,/home/da109073/research/archx/chiplet4ai/llama/description/architecture/config_4.architecture.yaml,1,/home/da109073/research/archx/chiplet4ai/llama/description/workload/config_1.workload.yaml,/home/da109073/research/archx/chiplet4ai/llama/description/event/event.yaml,/home/da109073/research/archx/chiplet4ai/llama/description/metric/metric.yaml,/home/da109073/research/archx/chiplet4ai/llama/description/runs/config_55,/home/da109073/research/archx/chiplet4ai/llama/description/runs/config_55/checkpoint.gt
56,3,/home/da109073/research/archx/chiplet4ai/llama/description/architecture/config_3.architecture.yaml,1,/home/da109073/research/archx/chiplet4ai/llama/description/workload/config_1.workload.yaml,/home/da109073/research/archx/chiplet4ai/llama/description/event/event.yaml,/home/da109073/research/archx/chiplet4ai/llama/description/metric/metric.yaml,/home/da109073/research/archx/chiplet4ai/llama/description/runs/config_56,/home/da109073/research/archx/chiplet4ai/llama/description/runs/config_56/checkpoint.gt
57,2,/home/da109073/research/archx/chiplet4ai/llama/description/architecture/config_2.architecture.yaml,1,/home/da109073/research/archx/chiplet4ai/llama/description/workload/config_1.workload.yaml,/home/da109073/research/archx/chiplet4ai/llama/description/event/event.yaml,/home/da109073/research/archx/chiplet4ai/llama/description/metric/metric.yaml,/home/da109073/research/archx/chiplet4ai/llama/description/runs/config_57,/home/da109073/research/archx/chiplet4ai/llama/description/runs/config_57/checkpoint.gt
58,0,/home/da109073/research/archx/chiplet4ai/llama/description/architecture/config_0.architecture.yaml,1,/home/da109073/research/archx/chiplet4ai/llama/description/workload/config_1.workload.yaml,/home/da109073/research/archx/chiplet4ai/llama/description/event/event.yaml,/home/da109073/research/archx/chiplet4ai/llama/description/metric/metric.yaml,/home/da109073/research/archx/chiplet4ai/llama/description/runs/config_58,/home/da109073/research/archx/chiplet4ai/llama/description/runs/config_58/checkpoint.gt
59,1,/home/da109073/research/archx/chiplet4ai/llama/description/architecture/config_1.architecture.yaml,1,/home/da109073/research/archx/chiplet4ai/llama/description/workload/config_1.workload.yaml,/home/da109073/research/archx/chiplet4ai/llama/description/event/event.yaml,/home/da109073/research/archx/chiplet4ai/llama/description/metric/metric.yaml,/home/da109073/research/archx/chiplet4ai/llama/description/runs/config_59,/home/da109073/research/archx/chiplet4ai/llama/description/runs/config_59/checkpoint.gt
60,1,/home/da109073/research/archx/chiplet4ai/llama/description/architecture/config_1.architecture.yaml,2,/home/da109073/research/archx/chiplet4ai/llama/description/workload/config_2.workload.yaml,/home/da109073/research/archx/chiplet4ai/llama/description/event/event.yaml,/home/da109073/research/archx/chiplet4ai/llama/description/metric/metric.yaml,/home/da109073/research/archx/chiplet4ai/llama/description/runs/config_60,/home/da109073/research/archx/chiplet4ai/llama/description/runs/config_60/checkpoint.gt
61,0,/home/da109073/research/archx/chiplet4ai/llama/description/architecture/config_0.architecture.yaml,2,/home/da109073/research/archx/chiplet4ai/llama/description/workload/config_2.workload.yaml,/home/da109073/research/archx/chiplet4ai/llama/description/event/event.yaml,/home/da109073/research/archx/chiplet4ai/llama/description/metric/metric.yaml,/home/da109073/research/archx/chiplet4ai/llama/description/runs/config_61,/home/da109073/research/archx/chiplet4ai/llama/description/runs/config_61/checkpoint.gt
62,2,/home/da109073/research/archx/chiplet4ai/llama/description/architecture/config_2.architecture.yaml,2,/home/da109073/research/archx/chiplet4ai/llama/description/workload/config_2.workload.yaml,/home/da109073/research/archx/chiplet4ai/llama/description/event/event.yaml,/home/da109073/research/archx/chiplet4ai/llama/description/metric/metric.yaml,/home/da109073/research/archx/chiplet4ai/llama/description/runs/config_62,/home/da109073/research/archx/chiplet4ai/llama/description/runs/config_62/checkpoint.gt
63,3,/home/da109073/research/archx/chiplet4ai/llama/description/architecture/config_3.architecture.yaml,2,/home/da109073/research/archx/chiplet4ai/llama/description/workload/config_2.workload.yaml,/home/da109073/research/archx/chiplet4ai/llama/description/event/event.yaml,/home/da109073/research/archx/chiplet4ai/llama/description/metric/metric.yaml,/home/da109073/research/archx/chiplet4ai/llama/description/runs/config_63,/home/da109073/research/archx/chiplet4ai/llama/description/runs/config_63/checkpoint.gt
64,4,/home/da109073/research/archx/chiplet4ai/llama/description/architecture/config_4.architecture.yaml,2,/home/da109073/research/archx/chiplet4ai/llama/description/workload/config_2.workload.yaml,/home/da109073/research/archx/chiplet4ai/llama/description/event/event.yaml,/home/da109073/research/archx/chiplet4ai/llama/description/metric/metric.yaml,/home/da109073/research/archx/chiplet4ai/llama/description/runs/config_64,/home/da109073/research/archx/chiplet4ai/llama/description/runs/config_64/checkpoint.gt
65,5,/home/da109073/research/archx/chiplet4ai/llama/description/architecture/config_5.architecture.yaml,2,/home/da109073/research/archx/chiplet4ai/llama/description/workload/config_2.workload.yaml,/home/da109073/research/archx/chiplet4ai/llama/description/event/event.yaml,/home/da109073/research/archx/chiplet4ai/llama/description/metric/metric.yaml,/home/da109073/research/archx/chiplet4ai/llama/description/runs/config_65,/home/da109073/research/archx/chiplet4ai/llama/description/runs/config_65/checkpoint.gt
66,6,/home/da109073/research/archx/chiplet4ai/llama/description/architecture/config_6.architecture.yaml,2,/home/da109073/research/archx/chiplet4ai/llama/description/workload/config_2.workload.yaml,/home/da109073/research/archx/chiplet4ai/llama/description/event/event.yaml,/home/da109073/research/archx/chiplet4ai/llama/description/metric/metric.yaml,/home/da109073/research/archx/chiplet4ai/llama/description/runs/config_66,/home/da109073/research/archx/chiplet4ai/llama/description/runs/config_66/checkpoint.gt
67,7,/home/da109073/research/archx/chiplet4ai/llama/description/architecture/config_7.architecture.yaml,2,/home/da109073/research/archx/chiplet4ai/llama/description/workload/config_2.workload.yaml,/home/da109073/research/archx/chiplet4ai/llama/description/event/event.yaml,/home/da109073/research/archx/chiplet4ai/llama/description/metric/metric.yaml,/home/da109073/research/archx/chiplet4ai/llama/description/runs/config_67,/home/da109073/research/archx/chiplet4ai/llama/description/runs/config_67/checkpoint.gt
68,8,/home/da109073/research/archx/chiplet4ai/llama/description/architecture/config_8.architecture.yaml,2,/home/da109073/research/archx/chiplet4ai/llama/description/workload/config_2.workload.yaml,/home/da109073/research/archx/chiplet4ai/llama/description/event/event.yaml,/home/da109073/research/archx/chiplet4ai/llama/description/metric/metric.yaml,/home/da109073/research/archx/chiplet4ai/llama/description/runs/config_68,/home/da109073/research/archx/chiplet4ai/llama/description/runs/config_68/checkpoint.gt
69,9,/home/da109073/research/archx/chiplet4ai/llama/description/architecture/config_9.architecture.yaml,2,/home/da109073/research/archx/chiplet4ai/llama/description/workload/config_2.workload.yaml,/home/da109073/research/archx/chiplet4ai/llama/description/event/event.yaml,/home/da109073/research/archx/chiplet4ai/llama/description/metric/metric.yaml,/home/da109073/research/archx/chiplet4ai/llama/description/runs/config_69,/home/da109073/research/archx/chiplet4ai/llama/description/runs/config_69/checkpoint.gt
70,10,/home/da109073/research/archx/chiplet4ai/llama/description/architecture/config_10.architecture.yaml,2,/home/da109073/research/archx/chiplet4ai/llama/description/workload/config_2.workload.yaml,/home/da109073/research/archx/chiplet4ai/llama/description/event/event.yaml,/home/da109073/research/archx/chiplet4ai/llama/description/metric/metric.yaml,/home/da109073/research/archx/chiplet4ai/llama/description/runs/config_70,/home/da109073/research/archx/chiplet4ai/llama/description/runs/config_70/checkpoint.gt
71,11,/home/da109073/research/archx/chiplet4ai/llama/description/architecture/config_11.architecture.yaml,2,/home/da109073/research/archx/chiplet4ai/llama/description/workload/config_2.workload.yaml,/home/da109073/research/archx/chiplet4ai/llama/description/event/event.yaml,/home/da109073/research/archx/chiplet4ai/llama/description/metric/metric.yaml,/home/da109073/research/archx/chiplet4ai/llama/description/runs/config_71,/home/da109073/research/archx/chiplet4ai/llama/description/runs/config_71/checkpoint.gt
72,12,/home/da109073/research/archx/chiplet4ai/llama/description/architecture/config_12.architecture.yaml,2,/home/da109073/research/archx/chiplet4ai/llama/description/workload/config_2.workload.yaml,/home/da109073/research/archx/chiplet4ai/llama/description/event/event.yaml,/home/da109073/research/archx/chiplet4ai/llama/description/metric/metric.yaml,/home/da109073/research/archx/chiplet4ai/llama/description/runs/config_72,/home/da109073/research/archx/chiplet4ai/llama/description/runs/config_72/checkpoint.gt
73,13,/home/da109073/research/archx/chiplet4ai/llama/description/architecture/config_13.architecture.yaml,2,/home/da109073/research/archx/chiplet4ai/llama/description/workload/config_2.workload.yaml,/home/da109073/research/archx/chiplet4ai/llama/description/event/event.yaml,/home/da109073/research/archx/chiplet4ai/llama/description/metric/metric.yaml,/home/da109073/research/archx/chiplet4ai/llama/description/runs/config_73,/home/da109073/research/archx/chiplet4ai/llama/description/runs/config_73/checkpoint.gt
74,14,/home/da109073/research/archx/chiplet4ai/llama/description/architecture/config_14.architecture.yaml,2,/home/da109073/research/archx/chiplet4ai/llama/description/workload/config_2.workload.yaml,/home/da109073/research/archx/chiplet4ai/llama/description/event/event.yaml,/home/da109073/research/archx/chiplet4ai/llama/description/metric/metric.yaml,/home/da109073/research/archx/chiplet4ai/llama/description/runs/config_74,/home/da109073/research/archx/chiplet4ai/llama/description/runs/config_74/checkpoint.gt
75,15,/home/da109073/research/archx/chiplet4ai/llama/description/architecture/config_15.architecture.yaml,2,/home/da109073/research/archx/chiplet4ai/llama/description/workload/config_2.workload.yaml,/home/da109073/research/archx/chiplet4ai/llama/description/event/event.yaml,/home/da109073/research/archx/chiplet4ai/llama/description/metric/metric.yaml,/home/da109073/research/archx/chiplet4ai/llama/description/runs/config_75,/home/da109073/research/archx/chiplet4ai/llama/description/runs/config_75/checkpoint.gt
76,16,/home/da109073/research/archx/chiplet4ai/llama/description/architecture/config_16.architecture.yaml,2,/home/da109073/research/archx/chiplet4ai/llama/description/workload/config_2.workload.yaml,/home/da109073/research/archx/chiplet4ai/llama/description/event/event.yaml,/home/da109073/research/archx/chiplet4ai/llama/description/metric/metric.yaml,/home/da109073/research/archx/chiplet4ai/llama/description/runs/config_76,/home/da109073/research/archx/chiplet4ai/llama/description/runs/config_76/checkpoint.gt
77,17,/home/da109073/research/archx/chiplet4ai/llama/description/architecture/config_17.architecture.yaml,2,/home/da109073/research/archx/chiplet4ai/llama/description/workload/config_2.workload.yaml,/home/da109073/research/archx/chiplet4ai/llama/description/event/event.yaml,/home/da109073/research/archx/chiplet4ai/llama/description/metric/metric.yaml,/home/da109073/research/archx/chiplet4ai/llama/description/runs/config_77,/home/da109073/research/archx/chiplet4ai/llama/description/runs/config_77/checkpoint.gt
78,18,/home/da109073/research/archx/chiplet4ai/llama/description/architecture/config_18.architecture.yaml,2,/home/da109073/research/archx/chiplet4ai/llama/description/workload/config_2.workload.yaml,/home/da109073/research/archx/chiplet4ai/llama/description/event/event.yaml,/home/da109073/research/archx/chiplet4ai/llama/description/metric/metric.yaml,/home/da109073/research/archx/chiplet4ai/llama/description/runs/config_78,/home/da109073/research/archx/chiplet4ai/llama/description/runs/config_78/checkpoint.gt
79,19,/home/da109073/research/archx/chiplet4ai/llama/description/architecture/config_19.architecture.yaml,2,/home/da109073/research/archx/chiplet4ai/llama/description/workload/config_2.workload.yaml,/home/da109073/research/archx/chiplet4ai/llama/description/event/event.yaml,/home/da109073/research/archx/chiplet4ai/llama/description/metric/metric.yaml,/home/da109073/research/archx/chiplet4ai/llama/description/runs/config_79,/home/da109073/research/archx/chiplet4ai/llama/description/runs/config_79/checkpoint.gt
80,20,/home/da109073/research/archx/chiplet4ai/llama/description/architecture/config_20.architecture.yaml,2,/home/da109073/research/archx/chiplet4ai/llama/description/workload/config_2.workload.yaml,/home/da109073/research/archx/chiplet4ai/llama/description/event/event.yaml,/home/da109073/research/archx/chiplet4ai/llama/description/metric/metric.yaml,/home/da109073/research/archx/chiplet4ai/llama/description/runs/config_80,/home/da109073/research/archx/chiplet4ai/llama/description/runs/config_80/checkpoint.gt
81,21,/home/da109073/research/archx/chiplet4ai/llama/description/architecture/config_21.architecture.yaml,2,/home/da109073/research/archx/chiplet4ai/llama/description/workload/config_2.workload.yaml,/home/da109073/research/archx/chiplet4ai/llama/description/event/event.yaml,/home/da109073/research/archx/chiplet4ai/llama/description/metric/metric.yaml,/home/da109073/research/archx/chiplet4ai/llama/description/runs/config_81,/home/da109073/research/archx/chiplet4ai/llama/description/runs/config_81/checkpoint.gt
82,22,/home/da109073/research/archx/chiplet4ai/llama/description/architecture/config_22.architecture.yaml,2,/home/da109073/research/archx/chiplet4ai/llama/description/workload/config_2.workload.yaml,/home/da109073/research/archx/chiplet4ai/llama/description/event/event.yaml,/home/da109073/research/archx/chiplet4ai/llama/description/metric/metric.yaml,/home/da109073/research/archx/chiplet4ai/llama/description/runs/config_82,/home/da109073/research/archx/chiplet4ai/llama/description/runs/config_82/checkpoint.gt
83,23,/home/da109073/research/archx/chiplet4ai/llama/description/architecture/config_23.architecture.yaml,2,/home/da109073/research/archx/chiplet4ai/llama/description/workload/config_2.workload.yaml,/home/da109073/research/archx/chiplet4ai/llama/description/event/event.yaml,/home/da109073/research/archx/chiplet4ai/llama/description/metric/metric.yaml,/home/da109073/research/archx/chiplet4ai/llama/description/runs/config_83,/home/da109073/research/archx/chiplet4ai/llama/description/runs/config_83/checkpoint.gt
84,24,/home/da109073/research/archx/chiplet4ai/llama/description/architecture/config_24.architecture.yaml,2,/home/da109073/research/archx/chiplet4ai/llama/description/workload/config_2.workload.yaml,/home/da109073/research/archx/chiplet4ai/llama/description/event/event.yaml,/home/da109073/research/archx/chiplet4ai/llama/description/metric/metric.yaml,/home/da109073/research/archx/chiplet4ai/llama/description/runs/config_84,/home/da109073/research/archx/chiplet4ai/llama/description/runs/config_84/checkpoint.gt
85,25,/home/da109073/research/archx/chiplet4ai/llama/description/architecture/config_25.architecture.yaml,2,/home/da109073/research/archx/chiplet4ai/llama/description/workload/config_2.workload.yaml,/home/da109073/research/archx/chiplet4ai/llama/description/event/event.yaml,/home/da109073/research/archx/chiplet4ai/llama/description/metric/metric.yaml,/home/da109073/research/archx/chiplet4ai/llama/description/runs/config_85,/home/da109073/research/archx/chiplet4ai/llama/description/runs/config_85/checkpoint.gt
86,26,/home/da109073/research/archx/chiplet4ai/llama/description/architecture/config_26.architecture.yaml,2,/home/da109073/research/archx/chiplet4ai/llama/description/workload/config_2.workload.yaml,/home/da109073/research/archx/chiplet4ai/llama/description/event/event.yaml,/home/da109073/research/archx/chiplet4ai/llama/description/metric/metric.yaml,/home/da109073/research/archx/chiplet4ai/llama/description/runs/config_86,/home/da109073/research/archx/chiplet4ai/llama/description/runs/config_86/checkpoint.gt
87,27,/home/da109073/research/archx/chiplet4ai/llama/description/architecture/config_27.architecture.yaml,2,/home/da109073/research/archx/chiplet4ai/llama/description/workload/config_2.workload.yaml,/home/da109073/research/archx/chiplet4ai/llama/description/event/event.yaml,/home/da109073/research/archx/chiplet4ai/llama/description/metric/metric.yaml,/home/da109073/research/archx/chiplet4ai/llama/description/runs/config_87,/home/da109073/research/archx/chiplet4ai/llama/description/runs/config_87/checkpoint.gt
88,28,/home/da109073/research/archx/chiplet4ai/llama/description/architecture/config_28.architecture.yaml,2,/home/da109073/research/archx/chiplet4ai/llama/description/workload/config_2.workload.yaml,/home/da109073/research/archx/chiplet4ai/llama/description/event/event.yaml,/home/da109073/research/archx/chiplet4ai/llama/description/metric/metric.yaml,/home/da109073/research/archx/chiplet4ai/llama/description/runs/config_88,/home/da109073/research/archx/chiplet4ai/llama/description/runs/config_88/checkpoint.gt
89,29,/home/da109073/research/archx/chiplet4ai/llama/description/architecture/config_29.architecture.yaml,2,/home/da109073/research/archx/chiplet4ai/llama/description/workload/config_2.workload.yaml,/home/da109073/research/archx/chiplet4ai/llama/description/event/event.yaml,/home/da109073/research/archx/chiplet4ai/llama/description/metric/metric.yaml,/home/da109073/research/archx/chiplet4ai/llama/description/runs/config_89,/home/da109073/research/archx/chiplet4ai/llama/description/runs/config_89/checkpoint.gt
90,30,/home/da109073/research/archx/chiplet4ai/llama/description/architecture/config_30.architecture.yaml,2,/home/da109073/research/archx/chiplet4ai/llama/description/workload/config_2.workload.yaml,/home/da109073/research/archx/chiplet4ai/llama/description/event/event.yaml,/home/da109073/research/archx/chiplet4ai/llama/description/metric/metric.yaml,/home/da109073/research/archx/chiplet4ai/llama/description/runs/config_90,/home/da109073/research/archx/chiplet4ai/llama/description/runs/config_90/checkpoint.gt
91,30,/home/da109073/research/archx/chiplet4ai/llama/description/architecture/config_30.architecture.yaml,1,/home/da109073/research/archx/chiplet4ai/llama/description/workload/config_1.workload.yaml,/home/da109073/research/archx/chiplet4ai/llama/description/event/event.yaml,/home/da109073/research/archx/chiplet4ai/llama/description/metric/metric.yaml,/home/da109073/research/archx/chiplet4ai/llama/description/runs/config_91,/home/da109073/research/archx/chiplet4ai/llama/description/runs/config_91/checkpoint.gt
92,30,/home/da109073/research/archx/chiplet4ai/llama/description/architecture/config_30.architecture.yaml,0,/home/da109073/research/archx/chiplet4ai/llama/description/workload/config_0.workload.yaml,/home/da109073/research/archx/chiplet4ai/llama/description/event/event.yaml,/home/da109073/research/archx/chiplet4ai/llama/description/metric/metric.yaml,/home/da109073/research/archx/chiplet4ai/llama/description/runs/config_92,/home/da109073/research/archx/chiplet4ai/llama/description/runs/config_92/checkpoint.gt
93,31,/home/da109073/research/archx/chiplet4ai/llama/description/architecture/config_31.architecture.yaml,0,/home/da109073/research/archx/chiplet4ai/llama/description/workload/config_0.workload.yaml,/home/da109073/research/archx/chiplet4ai/llama/description/event/event.yaml,/home/da109073/research/archx/chiplet4ai/llama/description/metric/metric.yaml,/home/da109073/research/archx/chiplet4ai/llama/description/runs/config_93,/home/da109073/research/archx/chiplet4ai/llama/description/runs/config_93/checkpoint.gt
94,31,/home/da109073/research/archx/chiplet4ai/llama/description/architecture/config_31.architecture.yaml,1,/home/da109073/research/archx/chiplet4ai/llama/description/workload/config_1.workload.yaml,/home/da109073/research/archx/chiplet4ai/llama/description/event/event.yaml,/home/da109073/research/archx/chiplet4ai/llama/description/metric/metric.yaml,/home/da109073/research/archx/chiplet4ai/llama/description/runs/config_94,/home/da109073/research/archx/chiplet4ai/llama/description/runs/config_94/checkpoint.gt
95,31,/home/da109073/research/archx/chiplet4ai/llama/description/architecture/config_31.architecture.yaml,2,/home/da109073/research/archx/chiplet4ai/llama/description/workload/config_2.workload.yaml,/home/da109073/research/archx/chiplet4ai/llama/description/event/event.yaml,/home/da109073/research/archx/chiplet4ai/llama/description/metric/metric.yaml,/home/da109073/research/archx/chiplet4ai/llama/description/runs/config_95,/home/da109073/research/archx/chiplet4ai/llama/description/runs/config_95/checkpoint.gt
